id,firstname,lastname,email,phone,birthday,gender,address,website,image
1,Alexander,Hintz,bobbie11@williamson.info,+15167189235,1997-08-19,male,"{'id': 1, 'street': '71845 Kathleen Keys', 'streetName': 'Akeem Tunnel', 'buildingNumber': '5157', 'city': 'Lehnerfurt', 'zipcode': '03466-4577', 'country': 'United States', 'country_code': 'US', 'latitude': 5.296354, 'longitude': -69.587209}",http://bernier.com,http://placeimg.com/640/480/people
2,Dayna,Gulgowski,jordon.pfannerstill@schuster.com,+14695544415,1984-04-19,female,"{'id': 1, 'street': '2903 Sawayn Plains', 'streetName': 'Shaniya Underpass', 'buildingNumber': '69186', 'city': 'Alanchester', 'zipcode': '73587', 'country': 'St. Kitts & Nevis', 'country_code': 'KN', 'latitude': -43.824987, 'longitude': -26.578488}",http://gleichner.biz,http://placeimg.com/640/480/people
3,Electa,Jacobson,rturcotte@hills.org,+16463281815,1992-12-18,female,"{'id': 1, 'street': '622 Armstrong Squares Apt. 354', 'streetName': 'Bartell Forges', 'buildingNumber': '5814', 'city': 'Port Carissa', 'zipcode': '29699-4059', 'country': 'Hong Kong SAR China', 'country_code': 'HK', 'latitude': -80.96472, 'longitude': 154.935296}",http://schulist.com,http://placeimg.com/640/480/people
4,Everardo,Gibson,hickle.mabel@reinger.com,+17166568369,1976-10-18,male,"{'id': 1, 'street': '76131 Krista Expressway Apt. 942', 'streetName': 'Brennan Drives', 'buildingNumber': '9968', 'city': 'Montymouth', 'zipcode': '63150', 'country': 'Kuwait', 'country_code': 'KW', 'latitude': -75.988771, 'longitude': 162.578023}",http://rath.biz,http://placeimg.com/640/480/people
5,Odell,Stehr,krajcik.iliana@bayer.com,+19809081372,1955-09-05,male,"{'id': 1, 'street': '6224 Tristin Station', 'streetName': 'Heller Unions', 'buildingNumber': '1903', 'city': 'Port Scotty', 'zipcode': '53598-9499', 'country': 'Thailand', 'country_code': 'TH', 'latitude': -28.312553, 'longitude': 114.670487}",http://spinka.com,http://placeimg.com/640/480/people
6,Eryn,Tremblay,cierra88@ferry.net,+15176983798,1985-09-10,female,"{'id': 1, 'street': '497 Feest Light', 'streetName': 'Rosalind Mission', 'buildingNumber': '96452', 'city': 'Port Kadin', 'zipcode': '62454-4231', 'country': 'Pitcairn Islands', 'country_code': 'PN', 'latitude': -61.788791, 'longitude': -162.482927}",http://bashirian.com,http://placeimg.com/640/480/people
7,Winona,Cronin,kaela.harvey@hotmail.com,+12346975430,1979-02-20,female,"{'id': 1, 'street': '57124 Pfeffer Land', 'streetName': 'Kunde Harbors', 'buildingNumber': '5348', 'city': 'Kihnburgh', 'zipcode': '05986', 'country': 'Guadeloupe', 'country_code': 'GP', 'latitude': -16.22605, 'longitude': 35.417546}",http://reichert.com,http://placeimg.com/640/480/people
8,Chyna,Torp,slubowitz@powlowski.com,+13076452274,1959-01-03,female,"{'id': 1, 'street': '5427 Grimes Village', 'streetName': 'Adams Well', 'buildingNumber': '76651', 'city': 'New Pamelaton', 'zipcode': '23144', 'country': 'Switzerland', 'country_code': 'CH', 'latitude': 54.029803, 'longitude': 172.461667}",http://gleason.info,http://placeimg.com/640/480/people
9,Elliot,Goyette,lorine59@treutel.biz,+13413104339,2020-10-07,male,"{'id': 1, 'street': '741 Hane Falls', 'streetName': 'Zboncak Burg', 'buildingNumber': '6437', 'city': 'Champlinburgh', 'zipcode': '83337-6455', 'country': 'Cook Islands', 'country_code': 'CK', 'latitude': 0.458981, 'longitude': 90.598497}",http://harber.com,http://placeimg.com/640/480/people
10,Derick,Moore,schowalter.mallie@hotmail.com,+16788372299,1964-09-14,male,"{'id': 1, 'street': '776 Predovic Skyway Apt. 184', 'streetName': 'Hayes Mountains', 'buildingNumber': '4529', 'city': 'Harveyfort', 'zipcode': '76334-2090', 'country': 'Turks & Caicos Islands', 'country_code': 'TC', 'latitude': 80.594421, 'longitude': 55.797932}",http://feil.com,http://placeimg.com/640/480/people
11,Letitia,Walker,anderson.alejandra@hotmail.com,+12813339218,1990-04-03,female,"{'id': 1, 'street': '97012 Tillman Shore', 'streetName': 'Moshe Station', 'buildingNumber': '619', 'city': 'Stoltenbergside', 'zipcode': '27670', 'country': 'Finland', 'country_code': 'FI', 'latitude': 10.311012, 'longitude': -83.166461}",http://douglas.org,http://placeimg.com/640/480/people
12,Gayle,Farrell,vpredovic@gutkowski.com,+14809502416,1973-04-26,male,"{'id': 1, 'street': '30797 Bertha Corner', 'streetName': 'Hyatt Estates', 'buildingNumber': '984', 'city': 'Daphneyview', 'zipcode': '27469', 'country': 'Kazakhstan', 'country_code': 'KZ', 'latitude': -67.726866, 'longitude': -74.618207}",http://bogan.com,http://placeimg.com/640/480/people
13,Marilie,Gulgowski,madison37@gmail.com,+16614330071,1991-01-08,female,"{'id': 1, 'street': '6597 Orin Forest Suite 508', 'streetName': 'Kathlyn Cliff', 'buildingNumber': '594', 'city': 'North Willy', 'zipcode': '33691', 'country': 'Qatar', 'country_code': 'QA', 'latitude': 59.907682, 'longitude': -21.301004}",http://senger.org,http://placeimg.com/640/480/people
14,Jonathon,Cartwright,demarco32@lang.com,+16084035686,2006-08-26,male,"{'id': 1, 'street': '5141 Durgan Underpass Suite 993', 'streetName': 'Ruben Pike', 'buildingNumber': '642', 'city': 'East Alejandramouth', 'zipcode': '39158', 'country': 'Angola', 'country_code': 'AO', 'latitude': 78.557455, 'longitude': 42.401462}",http://gibson.com,http://placeimg.com/640/480/people
15,Kari,Kutch,kuhn.mohammad@zboncak.com,+15704186778,1986-09-04,female,"{'id': 1, 'street': '6730 Simonis Terrace', 'streetName': 'Steve Wells', 'buildingNumber': '87973', 'city': 'New King', 'zipcode': '88059', 'country': 'Sint Maarten', 'country_code': 'SX', 'latitude': -5.413125, 'longitude': -111.311471}",http://lowe.com,http://placeimg.com/640/480/people
16,Lilian,Luettgen,qosinski@yahoo.com,+19803797116,2012-05-09,female,"{'id': 1, 'street': '186 Gino Squares Apt. 407', 'streetName': 'Julian Fords', 'buildingNumber': '21669', 'city': 'Port Dasia', 'zipcode': '38488-7187', 'country': 'Suriname', 'country_code': 'SR', 'latitude': -62.979279, 'longitude': -26.052934}",http://sanford.com,http://placeimg.com/640/480/people
17,Bo,Carroll,estell37@yahoo.com,+16463182124,1996-02-19,male,"{'id': 1, 'street': '1854 Wiegand Pine', 'streetName': 'Jonathan Plaza', 'buildingNumber': '28646', 'city': 'West Kristinaview', 'zipcode': '94431', 'country': 'Denmark', 'country_code': 'DK', 'latitude': 44.102584, 'longitude': -18.012209}",http://johns.com,http://placeimg.com/640/480/people
18,Velva,Greenholt,kuhlman.zachariah@gmail.com,+12532200606,2006-03-13,female,"{'id': 1, 'street': '41397 Cali Road Suite 267', 'streetName': 'Wisozk Gateway', 'buildingNumber': '44223', 'city': 'South Jerrodland', 'zipcode': '94534', 'country': 'New Zealand', 'country_code': 'NZ', 'latitude': 85.467403, 'longitude': 139.422007}",http://little.org,http://placeimg.com/640/480/people
19,Octavia,O'Conner,lpurdy@schaden.org,+17473426150,1971-03-20,female,"{'id': 1, 'street': '7480 Wisozk Glen', 'streetName': 'Kunze Knolls', 'buildingNumber': '673', 'city': 'West Breannaton', 'zipcode': '33803', 'country': 'Cyprus', 'country_code': 'CY', 'latitude': -26.989861, 'longitude': 100.916232}",http://satterfield.com,http://placeimg.com/640/480/people
20,Domingo,Emmerich,auer.ines@yahoo.com,+16809418079,1988-03-28,male,"{'id': 1, 'street': '907 Glen Crest Apt. 004', 'streetName': 'Bechtelar Meadows', 'buildingNumber': '1980', 'city': 'New Marianfort', 'zipcode': '40913', 'country': 'Andorra', 'country_code': 'AD', 'latitude': -78.709175, 'longitude': 97.988955}",http://wisozk.com,http://placeimg.com/640/480/people
21,Stephon,Emmerich,maxine43@yahoo.com,+13802437766,1969-05-04,male,"{'id': 1, 'street': '594 Barton Crescent Apt. 386', 'streetName': 'Dasia Greens', 'buildingNumber': '64369', 'city': 'West Doraburgh', 'zipcode': '26340', 'country': 'Mali', 'country_code': 'ML', 'latitude': 79.720329, 'longitude': 82.918995}",http://braun.com,http://placeimg.com/640/480/people
22,Randall,Erdman,ora.stiedemann@gusikowski.net,+18283144571,1975-03-25,male,"{'id': 1, 'street': '237 Lauriane Mills', 'streetName': 'Carter Course', 'buildingNumber': '77464', 'city': 'Vivienneton', 'zipcode': '64532', 'country': 'Lesotho', 'country_code': 'LS', 'latitude': 31.582746, 'longitude': -33.293674}",http://mraz.com,http://placeimg.com/640/480/people
23,Grayce,Collier,caitlyn14@yahoo.com,+13256054551,1967-08-05,male,"{'id': 1, 'street': '12961 Michele View', 'streetName': 'Elwin Grove', 'buildingNumber': '8553', 'city': 'Lonchester', 'zipcode': '30126', 'country': 'Austria', 'country_code': 'AT', 'latitude': 89.146366, 'longitude': -170.134066}",http://weissnat.com,http://placeimg.com/640/480/people
24,Jacinto,Kling,ybrown@williamson.com,+17819318084,1936-07-05,male,"{'id': 1, 'street': '894 Jacky Via', 'streetName': 'Joshua Roads', 'buildingNumber': '48843', 'city': 'Orinbury', 'zipcode': '30312', 'country': 'Chile', 'country_code': 'CL', 'latitude': -28.271315, 'longitude': 57.546329}",http://schowalter.com,http://placeimg.com/640/480/people
25,Annetta,Dickens,emmett58@herman.net,+13216564742,1970-04-02,female,"{'id': 1, 'street': '2128 Anderson Grove Apt. 767', 'streetName': 'Schamberger Hills', 'buildingNumber': '6465', 'city': 'North Billy', 'zipcode': '05272', 'country': 'Liechtenstein', 'country_code': 'LI', 'latitude': 42.489229, 'longitude': 51.627129}",http://schimmel.com,http://placeimg.com/640/480/people
26,Einar,Labadie,darrell.boehm@gmail.com,+14328010710,1986-01-02,male,"{'id': 1, 'street': '1577 Spencer Square', 'streetName': 'Schulist Lakes', 'buildingNumber': '44968', 'city': 'Shayleeport', 'zipcode': '26538', 'country': 'India', 'country_code': 'IN', 'latitude': -0.157383, 'longitude': 162.898303}",http://osinski.org,http://placeimg.com/640/480/people
27,Lonie,Kunde,watsica.richard@haley.com,+17574917635,2021-01-09,female,"{'id': 1, 'street': '31085 Vivianne Trafficway Apt. 818', 'streetName': 'Danial Squares', 'buildingNumber': '57321', 'city': 'Judyville', 'zipcode': '18656', 'country': 'Mali', 'country_code': 'ML', 'latitude': -72.99728, 'longitude': -47.116069}",http://prohaska.net,http://placeimg.com/640/480/people
28,Leo,Kreiger,cierra.kunde@yahoo.com,+14582638444,1962-01-31,male,"{'id': 1, 'street': '26490 Kareem Tunnel', 'streetName': 'Murazik Vista', 'buildingNumber': '277', 'city': 'Nikkoborough', 'zipcode': '70961', 'country': 'Gibraltar', 'country_code': 'GI', 'latitude': 72.301528, 'longitude': 8.751697}",http://zulauf.com,http://placeimg.com/640/480/people
29,Liam,Moore,owest@hotmail.com,+12074600582,1945-09-29,male,"{'id': 1, 'street': '467 Aric Plaza Apt. 930', 'streetName': 'Schiller Mills', 'buildingNumber': '45456', 'city': 'Oniechester', 'zipcode': '53342-9148', 'country': 'Azerbaijan', 'country_code': 'AZ', 'latitude': 36.34428, 'longitude': 16.930628}",http://schowalter.com,http://placeimg.com/640/480/people
30,Sammie,O'Kon,kihn.cade@yahoo.com,+12252218441,1966-08-12,male,"{'id': 1, 'street': '39791 Ondricka Forks Suite 343', 'streetName': 'Zelda Rapids', 'buildingNumber': '4627', 'city': 'South Bette', 'zipcode': '56687-4289', 'country': 'Marshall Islands', 'country_code': 'MH', 'latitude': -65.308287, 'longitude': 124.536133}",http://waelchi.com,http://placeimg.com/640/480/people
31,Crystel,Sipes,lmorar@hotmail.com,+17576395981,1980-07-15,female,"{'id': 1, 'street': '897 Annie Isle Apt. 114', 'streetName': 'Ahmed Village', 'buildingNumber': '88667', 'city': 'Wymanview', 'zipcode': '15382', 'country': 'Cambodia', 'country_code': 'KH', 'latitude': -53.011837, 'longitude': -108.832295}",http://tromp.com,http://placeimg.com/640/480/people
32,Roberto,Green,koepp.nedra@hotmail.com,+15205209242,1991-11-18,male,"{'id': 1, 'street': '186 Ratke Crossing Suite 776', 'streetName': 'Schoen Green', 'buildingNumber': '63510', 'city': 'Coralieborough', 'zipcode': '07009', 'country': 'Burkina Faso', 'country_code': 'BF', 'latitude': 54.235334, 'longitude': 39.622384}",http://altenwerth.net,http://placeimg.com/640/480/people
33,Elfrieda,Torphy,kunde.jerrold@yahoo.com,+14783445304,1954-11-27,female,"{'id': 1, 'street': '7620 Damaris Avenue', 'streetName': 'Collins Corners', 'buildingNumber': '7960', 'city': 'Baileyland', 'zipcode': '94863', 'country': 'Colombia', 'country_code': 'CO', 'latitude': 34.272905, 'longitude': -49.222312}",http://schuster.com,http://placeimg.com/640/480/people
34,Darby,Schneider,lea.lowe@gleason.org,+13205299241,2020-04-19,female,"{'id': 1, 'street': '627 Pagac Glens', 'streetName': 'Novella Unions', 'buildingNumber': '9061', 'city': 'Blockfurt', 'zipcode': '38082-8889', 'country': 'Sierra Leone', 'country_code': 'SL', 'latitude': -53.078371, 'longitude': 138.881031}",http://nitzsche.com,http://placeimg.com/640/480/people
35,Jaylin,Bruen,harris.scotty@okon.com,+15072649216,1938-02-09,male,"{'id': 1, 'street': '7386 Douglas Junctions Suite 371', 'streetName': 'Darrell Throughway', 'buildingNumber': '931', 'city': 'South Sammieburgh', 'zipcode': '72097-1872', 'country': 'Kenya', 'country_code': 'KE', 'latitude': 84.431214, 'longitude': 160.013629}",http://hyatt.com,http://placeimg.com/640/480/people
36,Theresa,Lockman,eichmann.lilyan@bruen.biz,+14586268374,2002-08-26,female,"{'id': 1, 'street': '3846 Marlon Mountains', 'streetName': 'Oma Hill', 'buildingNumber': '817', 'city': 'Domingoview', 'zipcode': '31140', 'country': 'Eswatini', 'country_code': 'SZ', 'latitude': 6.884287, 'longitude': 127.457429}",http://schumm.com,http://placeimg.com/640/480/people
37,Faustino,Ziemann,smitham.dallas@yahoo.com,+12237954347,1961-07-26,male,"{'id': 1, 'street': '178 Jane Circles', 'streetName': ""O'Keefe Coves"", 'buildingNumber': '5885', 'city': 'Mortimertown', 'zipcode': '98228-3554', 'country': 'Madagascar', 'country_code': 'MG', 'latitude': -23.301335, 'longitude': 91.296709}",http://wiegand.com,http://placeimg.com/640/480/people
38,Monroe,Hegmann,kessler.katarina@grady.com,+14357453153,2018-10-24,male,"{'id': 1, 'street': '819 Crooks Path Apt. 351', 'streetName': 'Dooley Hills', 'buildingNumber': '3057', 'city': 'North Finn', 'zipcode': '11246-0788', 'country': 'Norway', 'country_code': 'NO', 'latitude': 7.794562, 'longitude': -11.254137}",http://daugherty.com,http://placeimg.com/640/480/people
39,Jenifer,Goodwin,kirstin12@hotmail.com,+19716515961,1938-09-30,female,"{'id': 1, 'street': '367 Nella Plains Suite 534', 'streetName': 'Skiles Ford', 'buildingNumber': '869', 'city': 'Schowaltermouth', 'zipcode': '74000', 'country': 'Laos', 'country_code': 'LA', 'latitude': -61.678163, 'longitude': 0.496974}",http://boyle.com,http://placeimg.com/640/480/people
40,Eino,Reilly,jaydon.schmeler@yahoo.com,+18323970115,1971-04-11,male,"{'id': 1, 'street': '3104 Langosh Ramp', 'streetName': 'Rey Place', 'buildingNumber': '64122', 'city': 'North Dorris', 'zipcode': '45395', 'country': 'Qatar', 'country_code': 'QA', 'latitude': -20.122049, 'longitude': -70.981165}",http://jaskolski.info,http://placeimg.com/640/480/people
41,Nikolas,Schmeler,ziemann.dawson@hotmail.com,+17253346650,2014-04-17,male,"{'id': 1, 'street': '7301 Wisozk Curve Apt. 924', 'streetName': 'Parisian Neck', 'buildingNumber': '57097', 'city': 'Ulisesberg', 'zipcode': '10730-3239', 'country': 'South Georgia & South Sandwich Islands', 'country_code': 'GS', 'latitude': -12.760886, 'longitude': -12.511304}",http://ward.net,http://placeimg.com/640/480/people
42,Marjory,Fritsch,schoen.warren@schuster.biz,+13619444137,2001-04-03,female,"{'id': 1, 'street': '6279 Shaylee Summit Suite 453', 'streetName': 'Fahey Fall', 'buildingNumber': '847', 'city': 'Deckowborough', 'zipcode': '59354-9663', 'country': 'British Virgin Islands', 'country_code': 'VG', 'latitude': -33.614239, 'longitude': 51.01645}",http://goodwin.com,http://placeimg.com/640/480/people
43,Keely,O'Conner,lnolan@gmail.com,+13185400356,1940-08-09,female,"{'id': 1, 'street': '3723 Powlowski Port Apt. 369', 'streetName': 'Veum Vista', 'buildingNumber': '158', 'city': 'West Mabellemouth', 'zipcode': '45685', 'country': 'Guinea', 'country_code': 'GN', 'latitude': -89.503148, 'longitude': 31.751771}",http://rutherford.com,http://placeimg.com/640/480/people
44,Darron,Swaniawski,monty.watsica@langosh.net,+12015949685,2007-08-01,male,"{'id': 1, 'street': '470 Berge Ports Apt. 926', 'streetName': 'Runte Ranch', 'buildingNumber': '66388', 'city': 'West Coltonstad', 'zipcode': '27964', 'country': 'Lesotho', 'country_code': 'LS', 'latitude': -71.217015, 'longitude': 19.522962}",http://breitenberg.com,http://placeimg.com/640/480/people
45,Sibyl,McClure,christopher.jaskolski@hotmail.com,+14635727363,1950-07-19,female,"{'id': 1, 'street': '25530 Gina Union Apt. 014', 'streetName': 'Pouros Cliff', 'buildingNumber': '1124', 'city': 'Hansenshire', 'zipcode': '11267-6333', 'country': 'United States', 'country_code': 'US', 'latitude': -52.63996, 'longitude': 153.97476}",http://lemke.com,http://placeimg.com/640/480/people
46,Stefanie,Wiza,kautzer.tess@hotmail.com,+17578666309,2024-09-06,female,"{'id': 1, 'street': '275 Mayert Gardens', 'streetName': 'Emard Cove', 'buildingNumber': '3875', 'city': 'Lake Chasity', 'zipcode': '25647-0292', 'country': 'St. Kitts & Nevis', 'country_code': 'KN', 'latitude': 36.28916, 'longitude': 143.337654}",http://kertzmann.com,http://placeimg.com/640/480/people
47,Erica,Cormier,elsa97@von.com,+13868387479,1938-10-08,female,"{'id': 1, 'street': '412 Sanford Grove Apt. 217', 'streetName': 'Anne Junction', 'buildingNumber': '62915', 'city': 'Langoshmouth', 'zipcode': '69906-8664', 'country': 'Japan', 'country_code': 'JP', 'latitude': -82.152085, 'longitude': 103.022883}",http://mckenzie.com,http://placeimg.com/640/480/people
48,Sigrid,Hand,kellie.powlowski@gmail.com,+12837210960,1972-11-07,male,"{'id': 1, 'street': '2152 Kovacek Viaduct Suite 555', 'streetName': 'Kirstin Knoll', 'buildingNumber': '6343', 'city': 'Gleasonchester', 'zipcode': '44522', 'country': 'Comoros', 'country_code': 'KM', 'latitude': 53.637248, 'longitude': 28.590424}",http://schinner.com,http://placeimg.com/640/480/people
49,Reggie,Borer,lourdes33@jones.com,+19804059791,1994-11-22,male,"{'id': 1, 'street': '233 Edgar Meadow', 'streetName': 'Heathcote Pass', 'buildingNumber': '92013', 'city': 'Celialand', 'zipcode': '67585-1795', 'country': 'Malta', 'country_code': 'MT', 'latitude': -53.840642, 'longitude': 8.124544}",http://walker.net,http://placeimg.com/640/480/people
50,Adriana,Upton,pollich.delphine@stiedemann.biz,+16319785345,1936-04-16,female,"{'id': 1, 'street': '792 Hoyt Neck Apt. 736', 'streetName': 'Corkery Mission', 'buildingNumber': '63292', 'city': 'South Katrine', 'zipcode': '92393-7081', 'country': 'Congo - Kinshasa', 'country_code': 'CD', 'latitude': 3.852045, 'longitude': -102.212349}",http://sawayn.com,http://placeimg.com/640/480/people
